{
    "name": "evgeny",
    "age": 24,
    "gender": "Man",
    "gender_prob": 92.00555419921875,
    "race": "middle eastern",
    "race_prob": 45.75632095336914,
    "emotion": "sad",
    "emotion_prob": 85.98643493652344,
    "raw": {
        "age": 24,
        "region": {
            "x": 18,
            "y": 11,
            "w": 49,
            "h": 62,
            "left_eye": [
                55,
                35
            ],
            "right_eye": [
                31,
                31
            ],
            "nose": [
                41,
                47
            ],
            "mouth_left": [
                47,
                61
            ],
            "mouth_right": [
                31,
                58
            ]
        },
        "face_confidence": 1.0,
        "gender": {
            "Woman": 7.994445323944092,
            "Man": 92.00555419921875
        },
        "dominant_gender": "Man",
        "race": {
            "asian": 1.2556082010269165,
            "indian": 6.287708282470703,
            "black": 0.6000057458877563,
            "white": 27.71018409729004,
            "middle eastern": 45.75632095336914,
            "latino hispanic": 18.39017105102539
        },
        "dominant_race": "middle eastern",
        "emotion": {
            "angry": 3.1584386825561523,
            "disgust": 0.0005675250431522727,
            "fear": 4.183933258056641,
            "happy": 0.03586365655064583,
            "sad": 85.98643493652344,
            "surprise": 0.0022537640761584044,
            "neutral": 6.632508277893066
        },
        "dominant_emotion": "sad"
    },
    "saved_face_path": null
}